{
	"credit": "Made with Blockbench",
	"textures": {
		"0": "block/spruce_planks",
		"1": "block/blackstone_top",
		"particle": "block/blackstone_top"
	},
	"elements": [
		{
			"from": [1, 0, 7],
			"to": [3, 4, 9],
			"rotation": {"angle": 0, "axis": "y", "origin": [9, 8, 15]},
			"faces": {
				"north": {"uv": [0, 0, 2, 4], "texture": "#0"},
				"east": {"uv": [0, 0, 2, 4], "texture": "#0"},
				"south": {"uv": [0, 0, 2, 4], "texture": "#0"},
				"west": {"uv": [0, 0, 2, 4], "texture": "#0"},
				"up": {"uv": [0, 0, 2, 2], "texture": "#0"},
				"down": {"uv": [0, 0, 2, 2], "texture": "#0"}
			}
		},
		{
			"from": [3, 1, 7],
			"to": [4, 4, 9],
			"rotation": {"angle": 0, "axis": "y", "origin": [11, 8, 15]},
			"faces": {
				"north": {"uv": [0, 0, 1, 3], "texture": "#0"},
				"east": {"uv": [0, 0, 2, 3], "texture": "#0"},
				"south": {"uv": [0, 0, 1, 3], "texture": "#0"},
				"west": {"uv": [0, 0, 2, 3], "texture": "#0"},
				"up": {"uv": [0, 0, 1, 2], "texture": "#0"},
				"down": {"uv": [0, 0, 1, 2], "texture": "#0"}
			}
		},
		{
			"from": [2, 4, 7],
			"to": [6, 5, 9],
			"rotation": {"angle": 0, "axis": "y", "origin": [11, 10, 15]},
			"faces": {
				"north": {"uv": [0, 0, 4, 1], "texture": "#0"},
				"east": {"uv": [0, 0, 2, 1], "texture": "#0"},
				"south": {"uv": [0, 0, 4, 1], "texture": "#0"},
				"west": {"uv": [0, 0, 2, 1], "texture": "#0"},
				"up": {"uv": [0, 0, 4, 2], "texture": "#0"},
				"down": {"uv": [0, 0, 4, 2], "texture": "#0"}
			}
		},
		{
			"from": [4, 3, 7],
			"to": [6, 4, 9],
			"rotation": {"angle": 0, "axis": "y", "origin": [11, 9, 15]},
			"faces": {
				"north": {"uv": [0, 1, 2, 2], "texture": "#0"},
				"east": {"uv": [0, 0, 2, 1], "texture": "#0"},
				"south": {"uv": [0, 0, 2, 1], "texture": "#0"},
				"west": {"uv": [0, 0, 2, 1], "texture": "#0"},
				"up": {"uv": [0, 0, 2, 2], "texture": "#0"},
				"down": {"uv": [0, 0, 2, 2], "texture": "#0"}
			}
		},
		{
			"from": [4, 5, 7],
			"to": [6, 6, 9],
			"rotation": {"angle": 0, "axis": "y", "origin": [11, 11, 15]},
			"faces": {
				"north": {"uv": [0, 0, 2, 1], "texture": "#0"},
				"east": {"uv": [0, 0, 2, 1], "texture": "#0"},
				"south": {"uv": [0, 0, 2, 1], "texture": "#0"},
				"west": {"uv": [0, 0, 2, 1], "texture": "#0"},
				"up": {"uv": [0, 0, 2, 2], "texture": "#0"},
				"down": {"uv": [0, 0, 2, 2], "texture": "#0"}
			}
		},
		{
			"from": [6, 3, 7],
			"to": [7, 6, 9],
			"rotation": {"angle": 0, "axis": "y", "origin": [14, 13, 16]},
			"faces": {
				"north": {"uv": [0, 0, 1, 3], "texture": "#1"},
				"east": {"uv": [0, 0, 2, 3], "texture": "#1"},
				"south": {"uv": [0, 0, 1, 3], "texture": "#1"},
				"west": {"uv": [0, 0, 2, 3], "texture": "#1"},
				"up": {"uv": [0, 0, 1, 2], "texture": "#1"},
				"down": {"uv": [0, 0, 1, 2], "texture": "#1"}
			}
		},
		{
			"from": [7, 3, 7],
			"to": [12, 5, 9],
			"rotation": {"angle": 0, "axis": "y", "origin": [15, 13, 16]},
			"faces": {
				"north": {"uv": [0, 0, 5, 2], "texture": "#1"},
				"east": {"uv": [0, 0, 2, 2], "texture": "#1"},
				"south": {"uv": [0, 0, 5, 2], "texture": "#1"},
				"west": {"uv": [0, 0, 2, 2], "texture": "#1"},
				"up": {"uv": [0, 0, 5, 2], "texture": "#1"},
				"down": {"uv": [0, 0, 5, 2], "texture": "#1"}
			}
		},
		{
			"from": [12, 3, 7],
			"to": [16, 5, 9],
			"rotation": {"angle": 0, "axis": "y", "origin": [21, 9, 15]},
			"faces": {
				"north": {"uv": [0, 0, 4, 2], "texture": "#0"},
				"east": {"uv": [0, 0, 2, 2], "texture": "#0"},
				"south": {"uv": [0, 0, 4, 2], "texture": "#0"},
				"west": {"uv": [0, 0, 2, 2], "texture": "#0"},
				"up": {"uv": [0, 0, 4, 2], "texture": "#0"},
				"down": {"uv": [0, 0, 4, 2], "texture": "#0"}
			}
		},
		{
			"from": [16, 4, 7],
			"to": [17, 5, 9],
			"rotation": {"angle": 0, "axis": "y", "origin": [22, 9, 15]},
			"faces": {
				"north": {"uv": [0, 0, 1, 1], "texture": "#0"},
				"east": {"uv": [0, 0, 2, 1], "texture": "#0"},
				"south": {"uv": [0, 0, 1, 1], "texture": "#0"},
				"west": {"uv": [0, 0, 2, 1], "texture": "#0"},
				"up": {"uv": [0, 0, 1, 2], "texture": "#0"},
				"down": {"uv": [0, 0, 1, 2], "texture": "#0"}
			}
		},
		{
			"from": [7, 5, 7],
			"to": [20, 6, 9],
			"rotation": {"angle": 0, "axis": "y", "origin": [15, 13, 15]},
			"faces": {
				"north": {"uv": [0, 0, 13, 1], "texture": "#1"},
				"east": {"uv": [0, 0, 2, 1], "texture": "#1"},
				"south": {"uv": [0, 0, 13, 1], "texture": "#1"},
				"west": {"uv": [0, 0, 2, 1], "texture": "#1"},
				"up": {"uv": [0, 0, 13, 2], "texture": "#1"},
				"down": {"uv": [0, 0, 13, 2], "texture": "#1"}
			}
		},
		{
			"from": [5, 2, 7],
			"to": [7, 3, 9],
			"rotation": {"angle": 0, "axis": "y", "origin": [12, 8, 15]},
			"faces": {
				"north": {"uv": [0, 0, 2, 1], "texture": "#1"},
				"east": {"uv": [0, 0, 2, 1], "texture": "#1"},
				"south": {"uv": [0, 0, 2, 1], "texture": "#1"},
				"west": {"uv": [0, 0, 2, 1], "texture": "#1"},
				"up": {"uv": [0, 0, 2, 2], "texture": "#1"},
				"down": {"uv": [0, 0, 2, 2], "texture": "#1"}
			}
		}
	],
	"display": {
		"thirdperson_righthand": {
			"rotation": [0, 90, 0],
			"translation": [0, 6, 0]
		},
		"thirdperson_lefthand": {
			"rotation": [0, -90, 0],
			"translation": [0, 6, 0]
		},
		"firstperson_righthand": {
			"rotation": [0, 96, 0],
			"translation": [-2, 8, 2.25]
		},
		"firstperson_lefthand": {
			"rotation": [0, -96, 0],
			"translation": [0, 8, 2.25]
		},
		"ground": {
			"rotation": [90, 0, 0],
			"translation": [0, -1.5, 0]
		},
		"gui": {
			"rotation": [0, 0, 38.75],
			"translation": [-4.25, 2, 0],
			"scale": [0.95, 0.95, 1]
		},
		"fixed": {
			"translation": [-2.25, 3.75, 0]
		}
	}
}