{
	"credit": "Made with Blockbench",
	"textures": {
		"0": "block/white_concrete",
		"1": "block/command_block_back",
		"2": "block/redstone_block",
		"particle": "block/white_concrete"
	},
	"elements": [
		{
			"from": [2, 1, 2],
			"to": [9, 2, 14],
			"rotation": {"angle": 0, "axis": "y", "origin": [10, 9, 9]},
			"faces": {
				"north": {"uv": [0, 0, 7, 1], "texture": "#2"},
				"east": {"uv": [0, 0, 12, 1], "texture": "#2"},
				"south": {"uv": [0, 0, 7, 1], "texture": "#2"},
				"west": {"uv": [0, 0, 12, 1], "texture": "#2"},
				"up": {"uv": [0, 0, 7, 12], "texture": "#2"},
				"down": {"uv": [0, 0, 7, 12], "texture": "#2"}
			}
		},
		{
			"from": [0, 2, 1],
			"to": [7, 13, 15],
			"rotation": {"angle": 0, "axis": "y", "origin": [8, 13, 8]},
			"faces": {
				"north": {"uv": [0, 0, 7, 11], "texture": "#0"},
				"east": {"uv": [0, 0, 14, 11], "texture": "#0"},
				"south": {"uv": [0, 0, 7, 11], "texture": "#0"},
				"west": {"uv": [0, 0, 14, 11], "texture": "#0"},
				"up": {"uv": [0, 0, 7, 14], "texture": "#0"},
				"down": {"uv": [0, 0, 7, 14], "texture": "#0"}
			}
		},
		{
			"from": [7, 0, 0],
			"to": [16, 16, 16],
			"rotation": {"angle": 0, "axis": "y", "origin": [16, 13, 8]},
			"faces": {
				"north": {"uv": [0, 0, 9, 16], "texture": "#0"},
				"east": {"uv": [0, 0, 16, 16], "texture": "#0"},
				"south": {"uv": [0, 0, 9, 16], "texture": "#0"},
				"west": {"uv": [0, 0, 16, 16], "texture": "#0"},
				"up": {"uv": [0, 0, 9, 16], "texture": "#0"},
				"down": {"uv": [0, 0, 9, 16], "texture": "#0"}
			}
		},
		{
			"from": [0, 0, 1],
			"to": [7, 1, 15],
			"faces": {
				"north": {"uv": [0, 0, 6, 1], "texture": "#1"},
				"east": {"uv": [0, 0, 14, 1], "texture": "#1"},
				"south": {"uv": [0, 0, 6, 1], "texture": "#1"},
				"west": {"uv": [0, 0, 14, 1], "texture": "#1"},
				"up": {"uv": [0, 0, 6, 14], "texture": "#1"},
				"down": {"uv": [3, 2, 9, 16], "texture": "#1"}
			}
		},
		{
			"from": [4, 3, 1.25],
			"to": [7, 14.25, 14.75],
			"rotation": {"angle": 0, "axis": "y", "origin": [8, 13, 8]},
			"faces": {
				"north": {"uv": [0, 0, 3, 11.25], "texture": "#0"},
				"east": {"uv": [0, 0, 13.5, 11.25], "texture": "#0"},
				"south": {"uv": [0, 0, 3, 11.25], "texture": "#0"},
				"west": {"uv": [0, 0, 13.5, 11.25], "texture": "#0"},
				"up": {"uv": [0, 0, 3, 13.5], "texture": "#0"},
				"down": {"uv": [0, 0, 3, 13.5], "texture": "#0"}
			}
		}
	]
}