{
	"credit": "Made with Blockbench",
	"textures": {
		"1": "block/red_concrete_powder",
		"2": "block/crimson_nylium",
		"3": "block/bone_block_side",
		"particle": "block/crimson_nylium"
	},
	"elements": [
		{
			"from": [1, 0, 0],
			"to": [15, 7, 15],
			"faces": {
				"north": {"uv": [0, 0, 14, 7], "texture": "#1"},
				"east": {"uv": [0, 0, 15, 7], "texture": "#1"},
				"south": {"uv": [0, 0, 14, 7], "texture": "#1"},
				"west": {"uv": [0, 0, 15, 7], "texture": "#1"},
				"up": {"uv": [0, 0, 14, 15], "texture": "#1"},
				"down": {"uv": [0, 0, 14, 15], "texture": "#1"}
			}
		},
		{
			"from": [2, 1, -4],
			"to": [6, 6, 0],
			"rotation": {"angle": 0, "axis": "y", "origin": [12, 10, 7]},
			"faces": {
				"north": {"uv": [0, 0, 4, 5], "texture": "#1"},
				"east": {"uv": [0, 0, 4, 5], "texture": "#1"},
				"south": {"uv": [0, 0, 4, 5], "texture": "#1"},
				"west": {"uv": [0, 0, 4, 5], "texture": "#1"},
				"up": {"uv": [0, 0, 4, 4], "texture": "#1"},
				"down": {"uv": [0, 0, 4, 4], "texture": "#1"}
			}
		},
		{
			"from": [10, 1, -4],
			"to": [14, 6, 0],
			"rotation": {"angle": 0, "axis": "y", "origin": [20, 10, 7]},
			"faces": {
				"north": {"uv": [0, 0, 4, 5], "texture": "#1"},
				"east": {"uv": [0, 0, 4, 5], "texture": "#1"},
				"south": {"uv": [0, 0, 4, 5], "texture": "#1"},
				"west": {"uv": [0, 0, 4, 5], "texture": "#1"},
				"up": {"uv": [0, 0, 4, 4], "texture": "#1"},
				"down": {"uv": [0, 0, 4, 4], "texture": "#1"}
			}
		},
		{
			"from": [2, 1, 14.5],
			"to": [14, 6, 15.5],
			"rotation": {"angle": 0, "axis": "y", "origin": [10, 9, 22.5]},
			"faces": {
				"north": {"uv": [0, 0, 12, 5], "texture": "#2"},
				"east": {"uv": [0, 0, 1, 5], "texture": "#2"},
				"south": {"uv": [0, 0, 12, 5], "texture": "#2"},
				"west": {"uv": [0, 0, 1, 5], "texture": "#2"},
				"up": {"uv": [0, 0, 12, 1], "texture": "#2"},
				"down": {"uv": [0, 0, 12, 1], "texture": "#2"}
			}
		},
		{
			"from": [7, 2, 15],
			"to": [9, 4, 21],
			"rotation": {"angle": 0, "axis": "y", "origin": [16, 11, 23]},
			"faces": {
				"north": {"uv": [0, 0, 2, 2], "texture": "#3"},
				"east": {"uv": [0, 0, 6, 2], "texture": "#3"},
				"south": {"uv": [0, 0, 2, 2], "texture": "#3"},
				"west": {"uv": [0, 0, 6, 2], "texture": "#3"},
				"up": {"uv": [0, 0, 2, 6], "texture": "#3"},
				"down": {"uv": [0, 0, 2, 6], "texture": "#3"}
			}
		},
		{
			"from": [5, 2, 21],
			"to": [11, 4, 23],
			"rotation": {"angle": 0, "axis": "y", "origin": [16, 11, 23]},
			"faces": {
				"north": {"uv": [0, 0, 6, 2], "texture": "#3"},
				"east": {"uv": [0, 0, 2, 2], "texture": "#3"},
				"south": {"uv": [0, 0, 6, 2], "texture": "#3"},
				"west": {"uv": [0, 0, 2, 2], "texture": "#3"},
				"up": {"uv": [0, 0, 6, 2], "texture": "#3"},
				"down": {"uv": [0, 0, 6, 2], "texture": "#3"}
			}
		}
	],
	"display": {
		"head": {
			"translation": [0, 4, 0],
			"scale": [1.8, 1.8, 1.8]
		}
	}
}